2.0, 499.01428571428573, 7.0, 999.0, 0.9090909090909091
3.0, 902.870528109029, 42.0, 8204.0, 0.3901298701298701
4.0, 1471.4515103338633, 43.0, 8204.0, 0.18311688311688312
5.0, 2380.7689173457507, 45.0, 8828.0, 0.10753246753246753
6.0, 3231.269897209985, 45.0, 8995.0, 0.11558441558441558
7.0, 3866.8097070139092, 45.0, 9912.0, 0.12233766233766234
8.0, 4413.582688875669, 67.0, 10449.0, 0.12675324675324676
9.0, 4838.769985141159, 215.0, 10449.0, 0.12597402597402596
10.0, 5138.673307940228, 139.0, 10785.0, 0.1135064935064935
11.0, 5474.168460867035, 191.0, 10785.0, 0.10727272727272727
12.0, 5700.874312192296, 438.0, 10847.0, 0.10311688311688312
13.0, 5820.756210283073, 438.0, 10972.0, 0.10077922077922077
14.0, 6090.933543397307, 811.0, 11800.0, 0.09324675324675324
15.0, 6343.415547299228, 45.0, 12358.0, 0.09116883116883116
16.0, 6638.080865603644, 685.0, 13150.0, 0.0877922077922078
17.0, 6821.960396039604, 811.0, 13227.0, 0.08181818181818182
18.0, 6972.538613861386, 1220.0, 13326.0, 0.08181818181818182
19.0, 7118.5625, 1220.0, 14134.0, 0.08571428571428572
20.0, 7277.753537068477, 1529.0, 14134.0, 0.08207792207792208
21.0, 7461.840022611645, 962.0, 13471.0, 0.08103896103896104
22.0, 7610.682349586541, 1874.0, 13175.0, 0.0890909090909091
23.0, 7804.7840682788055, 1874.0, 13983.0, 0.08701298701298701
24.0, 8042.817056009007, 1874.0, 14590.0, 0.07714285714285714
25.0, 8170.656038374718, 1874.0, 14590.0, 0.07948051948051948
26.0, 8287.662377622377, 1874.0, 14590.0, 0.07142857142857142
27.0, 8507.48494143893, 3163.0, 14219.0, 0.06857142857142857
28.0, 8658.64091680815, 2741.0, 14438.0, 0.08207792207792208
29.0, 8808.739327113373, 1521.0, 14219.0, 0.0812987012987013
30.0, 9010.091694537346, 1521.0, 13695.0, 0.06805194805194806
31.0, 9226.095211267606, 2799.0, 14141.0, 0.07792207792207792
32.0, 9380.15082702551, 2456.0, 14440.0, 0.0735064935064935
33.0, 9549.64471113592, 3227.0, 14792.0, 0.06935064935064936
34.0, 9726.378235457834, 3227.0, 14792.0, 0.06675324675324676
35.0, 9911.205279415894, 4109.0, 15892.0, 0.07506493506493507
36.0, 10012.924657534246, 3440.0, 15892.0, 0.08987012987012986
37.0, 10210.899242211619, 3926.0, 15892.0, 0.07454545454545454
38.0, 10312.165826330533, 3926.0, 15892.0, 0.07272727272727272
39.0, 10446.294281729428, 3161.0, 16491.0, 0.06883116883116883
40.0, 10495.400610771794, 3161.0, 16463.0, 0.06441558441558441
41.0, 10747.414949161857, 3161.0, 16463.0, 0.05480519480519481
42.0, 10897.91363510136, 4260.0, 16463.0, 0.06467532467532468
43.0, 11143.303414096916, 4260.0, 16463.0, 0.056623376623376624
44.0, 11301.548387096775, 5660.0, 16437.0, 0.06597402597402598
45.0, 11421.600278940028, 4983.0, 16366.0, 0.06883116883116883
46.0, 11608.858846367166, 4983.0, 16534.0, 0.06337662337662338
47.0, 11674.187064399219, 5119.0, 16534.0, 0.06831168831168831
48.0, 11829.53171276893, 5119.0, 16534.0, 0.07038961038961039
49.0, 12014.659839468586, 6582.0, 16534.0, 0.061558441558441555
50.0, 12140.602961721152, 6345.0, 16998.0, 0.07038961038961039
51.0, 12205.248105529048, 6345.0, 17057.0, 0.07454545454545454
52.0, 12283.777309744453, 6361.0, 17057.0, 0.07506493506493507
53.0, 12438.518643117466, 6361.0, 17621.0, 0.0735064935064935
54.0, 12529.27697037451, 6735.0, 17621.0, 0.07064935064935066
55.0, 12647.954314720811, 7655.0, 17621.0, 0.07896103896103897
56.0, 12748.025742574257, 7127.0, 17621.0, 0.08181818181818182
57.0, 12815.346576500422, 7127.0, 17646.0, 0.07818181818181819
58.0, 12918.76749372735, 7215.0, 17406.0, 0.06831168831168831
59.0, 12958.411568409343, 7215.0, 17924.0, 0.06597402597402598
60.0, 13011.092239712787, 6973.0, 18216.0, 0.05948051948051948
61.0, 13130.095759618085, 7888.0, 18216.0, 0.07506493506493507
62.0, 13230.597880646961, 8250.0, 18216.0, 0.06857142857142857
63.0, 13309.840883668903, 8275.0, 18644.0, 0.07116883116883117
64.0, 13451.817750488417, 8221.0, 18644.0, 0.06935064935064936
65.0, 13498.924491501812, 8215.0, 18644.0, 0.06779220779220779
66.0, 13549.84032213274, 7691.0, 18058.0, 0.06467532467532468
67.0, 13649.537267941258, 7781.0, 18058.0, 0.0625974025974026
68.0, 13697.427817878955, 8077.0, 18511.0, 0.06441558441558441
69.0, 13790.665093029715, 8077.0, 18114.0, 0.06467532467532468
70.0, 13916.317385257302, 8546.0, 17950.0, 0.06623376623376623
71.0, 13984.591997745843, 8546.0, 18542.0, 0.07818181818181819
72.0, 14082.556582633053, 8562.0, 19201.0, 0.07272727272727272
73.0, 14156.432259855635, 8899.0, 19146.0, 0.06441558441558441
74.0, 14225.398652442447, 8961.0, 19146.0, 0.0748051948051948
75.0, 14321.348660084626, 8386.0, 18538.0, 0.07922077922077922
76.0, 14338.848518725545, 8973.0, 19038.0, 0.07064935064935066
77.0, 14489.76920919798, 8973.0, 19134.0, 0.07376623376623377
78.0, 14576.774075120022, 8973.0, 19155.0, 0.08025974025974025
79.0, 14615.875139977603, 8973.0, 19579.0, 0.0722077922077922
80.0, 14740.754759874964, 9699.0, 19579.0, 0.08597402597402598
81.0, 14785.45971830986, 9464.0, 19315.0, 0.07792207792207792
82.0, 14899.534559643254, 10137.0, 19208.0, 0.06805194805194806
83.0, 14908.668251748251, 9722.0, 19425.0, 0.07142857142857142
84.0, 14977.7656424581, 10297.0, 19526.0, 0.07012987012987013
85.0, 15142.132282578103, 10297.0, 19762.0, 0.07714285714285714
86.0, 15250.954288939052, 10796.0, 20087.0, 0.07948051948051948
87.0, 15268.78544935806, 10437.0, 20087.0, 0.08961038961038961
88.0, 15257.335690045249, 10851.0, 19778.0, 0.08155844155844155
89.0, 15358.581336340569, 9921.0, 19578.0, 0.0787012987012987
90.0, 15347.490686683348, 8556.0, 19543.0, 0.06571428571428571
91.0, 15415.706536856746, 8556.0, 20190.0, 0.06623376623376623
92.0, 15473.762036524626, 8556.0, 19846.0, 0.0612987012987013
93.0, 15525.570712694878, 10615.0, 19846.0, 0.06701298701298701
94.0, 15576.066016713092, 9971.0, 19802.0, 0.06753246753246753
95.0, 15615.947601885224, 9971.0, 19659.0, 0.06311688311688311
96.0, 15595.669521967395, 9375.0, 19944.0, 0.06
97.0, 15703.887218045113, 10295.0, 19789.0, 0.06727272727272728
98.0, 15800.24667405765, 10557.0, 19994.0, 0.06285714285714286
99.0, 15946.388022284122, 10557.0, 19805.0, 0.06753246753246753
100.0, 16003.010809312638, 11228.0, 20231.0, 0.06285714285714286
101.0, 16043.822890559733, 10959.0, 20231.0, 0.06727272727272728
102.0, 16131.449818283478, 11467.0, 20208.0, 0.07090909090909091
103.0, 16198.648272017837, 11298.0, 20305.0, 0.06805194805194806
104.0, 16236.73672379882, 11380.0, 20305.0, 0.07558441558441559
105.0, 16251.255056179776, 11380.0, 20328.0, 0.07532467532467532
106.0, 16276.038961038961, 11380.0, 20328.0, 0.08
107.0, 16299.226827219267, 11103.0, 20415.0, 0.07246753246753247
108.0, 16445.181638974937, 11494.0, 20310.0, 0.07766233766233767
109.0, 16529.629546726355, 11324.0, 21456.0, 0.07168831168831169
110.0, 16606.706621961443, 10799.0, 20516.0, 0.07038961038961039
111.0, 16701.213986013987, 11004.0, 20500.0, 0.07142857142857142
112.0, 16730.801055848846, 11731.0, 20988.0, 0.0651948051948052
113.0, 16748.107722439843, 11635.0, 20988.0, 0.07168831168831169
114.0, 16791.129213483146, 12027.0, 20988.0, 0.07532467532467532
115.0, 16816.51124227094, 12614.0, 21158.0, 0.07584415584415584
116.0, 16842.954149085796, 12477.0, 21223.0, 0.07662337662337662
117.0, 16885.51817413356, 12208.0, 20829.0, 0.07818181818181819
118.0, 16893.105809710916, 12003.0, 20829.0, 0.07454545454545454
119.0, 16947.00056657224, 12133.0, 20922.0, 0.08311688311688312
120.0, 16980.34338028169, 12133.0, 21081.0, 0.07792207792207792
121.0, 17085.765460245086, 12268.0, 21000.0, 0.08857142857142856
122.0, 17151.098398169335, 12268.0, 21639.0, 0.09194805194805195
123.0, 17213.12727790433, 12072.0, 21204.0, 0.0877922077922078
124.0, 17198.197364732267, 11783.0, 21202.0, 0.0735064935064935
125.0, 17214.662436548224, 12072.0, 21247.0, 0.07896103896103897
126.0, 17246.11758087201, 12185.0, 21247.0, 0.07662337662337662
127.0, 17230.996910980062, 12018.0, 21196.0, 0.07506493506493507
128.0, 17305.916994935284, 12185.0, 21629.0, 0.07688311688311689
129.0, 17374.738617200674, 12185.0, 21227.0, 0.07584415584415584
130.0, 17424.495767494358, 12984.0, 21242.0, 0.07948051948051948
131.0, 17420.260930493274, 12661.0, 21242.0, 0.07324675324675324
132.0, 17475.10659025788, 11374.0, 21100.0, 0.09350649350649351
133.0, 17511.608844507846, 11374.0, 21100.0, 0.08961038961038961
134.0, 17551.598362969235, 11374.0, 22040.0, 0.07974025974025974
135.0, 17546.739618406285, 11374.0, 22040.0, 0.07428571428571429
136.0, 17605.0351366425, 11374.0, 22040.0, 0.06857142857142857
137.0, 17715.23909442297, 11856.0, 22040.0, 0.05922077922077922
138.0, 17708.37824993011, 12568.0, 22040.0, 0.07090909090909091
139.0, 17769.38329583802, 13049.0, 22165.0, 0.07636363636363637
140.0, 17820.263098272444, 13049.0, 22165.0, 0.08285714285714285
141.0, 17845.498874507597, 11504.0, 22257.0, 0.07688311688311689
142.0, 17869.04535336672, 13049.0, 22257.0, 0.0664935064935065
143.0, 17994.13003355705, 12927.0, 21631.0, 0.07116883116883117
144.0, 17987.980656013457, 13488.0, 21563.0, 0.0735064935064935
145.0, 18026.88223776224, 13685.0, 22010.0, 0.07142857142857142
146.0, 18005.01664315938, 11973.0, 22133.0, 0.07922077922077922
147.0, 18045.99409448819, 11842.0, 22133.0, 0.07636363636363637
148.0, 18053.453058923034, 11842.0, 22025.0, 0.0787012987012987
149.0, 18108.035644667223, 13249.0, 22507.0, 0.06727272727272728
150.0, 18169.23764044944, 13581.0, 22507.0, 0.07532467532467532
151.0, 18222.12945166761, 14126.0, 22507.0, 0.08103896103896104
152.0, 18263.720136518772, 14179.0, 22507.0, 0.08675324675324675
153.0, 18332.016463241554, 13715.0, 23126.0, 0.08493506493506493
154.0, 18388.393111300884, 13715.0, 23126.0, 0.08753246753246753
155.0, 18420.966714490674, 14011.0, 23126.0, 0.09480519480519481
156.0, 18360.728721890122, 13523.0, 23126.0, 0.08753246753246753
157.0, 18349.913226621735, 13461.0, 23126.0, 0.07506493506493507
158.0, 18396.81390765766, 13461.0, 23126.0, 0.0774025974025974
159.0, 18457.49403409091, 13752.0, 23126.0, 0.08571428571428572
160.0, 18497.096115679047, 13263.0, 23126.0, 0.0838961038961039
161.0, 18563.55838281029, 13500.0, 22463.0, 0.0812987012987013
162.0, 18653.508205998867, 13572.0, 23205.0, 0.08207792207792208
163.0, 18716.21714447914, 13565.0, 22374.0, 0.08493506493506493
164.0, 18784.84685454028, 14041.0, 22776.0, 0.08753246753246753
165.0, 18834.78766344514, 14305.0, 22790.0, 0.08623376623376623
166.0, 18803.056093394076, 14429.0, 22537.0, 0.0877922077922078
167.0, 18828.387570621468, 14654.0, 22375.0, 0.08051948051948052
168.0, 18873.589134125636, 14796.0, 22605.0, 0.08207792207792208
169.0, 18904.91221590909, 13413.0, 22931.0, 0.08571428571428572
170.0, 18969.892433653302, 14304.0, 22622.0, 0.08
171.0, 19035.16430995475, 14304.0, 22895.0, 0.08155844155844155
172.0, 19038.39609286523, 14550.0, 22931.0, 0.0825974025974026
173.0, 19058.271919770774, 15088.0, 22843.0, 0.09350649350649351
174.0, 19133.816250358886, 15234.0, 22593.0, 0.09532467532467533
175.0, 19113.74079360548, 14901.0, 23013.0, 0.09012987012987013
176.0, 19186.27041847042, 14901.0, 22560.0, 0.1
177.0, 19162.611589214, 14410.0, 22667.0, 0.09454545454545454
178.0, 19255.985734664766, 14770.0, 22681.0, 0.08961038961038961
179.0, 19248.832058906824, 14116.0, 22694.0, 0.08285714285714285
180.0, 19289.473801560758, 14735.0, 22685.0, 0.06805194805194806
181.0, 19366.029029582525, 15085.0, 22832.0, 0.06051948051948052
182.0, 19434.05823627288, 14961.0, 22832.0, 0.06337662337662338
183.0, 19477.129291251385, 15405.0, 22832.0, 0.06181818181818182
184.0, 19489.41560244309, 14630.0, 22832.0, 0.06441558441558441
185.0, 19499.665355436922, 14978.0, 22895.0, 0.07558441558441559
186.0, 19535.936253861273, 14891.0, 22882.0, 0.07506493506493507
187.0, 19519.317482517483, 15088.0, 22832.0, 0.07142857142857142
188.0, 19481.03541315346, 15088.0, 23117.0, 0.07584415584415584
189.0, 19479.39243697479, 15165.0, 22811.0, 0.07272727272727272
190.0, 19554.14658071749, 14802.0, 23338.0, 0.07324675324675324
191.0, 19584.660669103177, 14802.0, 23400.0, 0.0761038961038961
192.0, 19581.254990160247, 14802.0, 23093.0, 0.0761038961038961
193.0, 19594.123422159886, 13970.0, 23093.0, 0.07402597402597402
194.0, 19634.511335012594, 14565.0, 23213.0, 0.07194805194805194
195.0, 19657.97046413502, 15178.0, 23396.0, 0.07662337662337662
196.0, 19732.990970654628, 15078.0, 23396.0, 0.07948051948051948
197.0, 19744.087964255796, 13748.0, 23416.0, 0.06987012987012987
198.0, 19826.492316289467, 14910.0, 23416.0, 0.07038961038961039
199.0, 19835.61370716511, 14692.0, 23416.0, 0.08285714285714285
200.0, 19907.508953553443, 14692.0, 23362.0, 0.07168831168831169
201.0, 19916.263717805152, 14732.0, 23429.0, 0.0722077922077922
202.0, 19960.990478857464, 14732.0, 23296.0, 0.07246753246753247
203.0, 20038.358021240918, 15936.0, 23429.0, 0.07064935064935066
204.0, 20111.31573033708, 15774.0, 24348.0, 0.07532467532467532
205.0, 20144.116031390135, 16098.0, 23447.0, 0.07324675324675324
206.0, 20144.383460775985, 16041.0, 23429.0, 0.08285714285714285
207.0, 20147.304669703874, 14167.0, 23429.0, 0.0877922077922078
208.0, 20128.680470061554, 16051.0, 23425.0, 0.07168831168831169
209.0, 20148.692372406058, 16051.0, 23425.0, 0.07376623376623377
210.0, 20177.96858194169, 15869.0, 23425.0, 0.08233766233766233
211.0, 20186.80028288543, 15869.0, 23425.0, 0.08181818181818182
212.0, 20212.06251768034, 16039.0, 23441.0, 0.08181818181818182
213.0, 20258.05489864865, 16039.0, 23425.0, 0.0774025974025974
214.0, 20259.015748031496, 15524.0, 23441.0, 0.07636363636363637
215.0, 20314.35317348378, 15141.0, 23496.0, 0.07922077922077922
216.0, 20310.76300253022, 15887.0, 23675.0, 0.0761038961038961
217.0, 20365.98124300112, 15223.0, 23798.0, 0.0722077922077922
218.0, 20411.042804843706, 15681.0, 23798.0, 0.07766233766233767
219.0, 20474.957888826502, 15891.0, 23798.0, 0.0748051948051948
220.0, 20529.234441602726, 16097.0, 23798.0, 0.08597402597402598
221.0, 20591.184, 16462.0, 24189.0, 0.09090909090909091
222.0, 20604.151628711443, 16249.0, 23722.0, 0.09896103896103896
223.0, 20622.991472427515, 16778.0, 23842.0, 0.08623376623376623
224.0, 20636.00934050382, 16778.0, 23675.0, 0.08233766233766233
225.0, 20639.352874217417, 16558.0, 23439.0, 0.08727272727272728
226.0, 20671.90440541319, 16380.0, 23866.0, 0.09792207792207792
227.0, 20736.862884834663, 15911.0, 23675.0, 0.08883116883116883
228.0, 20721.42747658246, 17140.0, 24256.0, 0.08493506493506493
229.0, 20753.38415331808, 17140.0, 24256.0, 0.09194805194805195
230.0, 20820.45274914089, 17140.0, 24265.0, 0.09298701298701299
231.0, 20830.788892037403, 17140.0, 24265.0, 0.08337662337662338
232.0, 20855.591205673758, 16879.0, 24265.0, 0.08441558441558442
233.0, 20885.249150622876, 16879.0, 23982.0, 0.0825974025974026
234.0, 20910.555649717513, 17099.0, 23982.0, 0.08051948051948052
235.0, 20928.282670454544, 16740.0, 24265.0, 0.08571428571428572
236.0, 20946.664393293548, 16740.0, 24265.0, 0.08597402597402598
237.0, 20968.210084033613, 16915.0, 23730.0, 0.07272727272727272
238.0, 21006.957608085344, 17512.0, 23958.0, 0.0748051948051948
239.0, 21009.754346606842, 17705.0, 24265.0, 0.07376623376623377
240.0, 21031.461820231052, 16794.0, 24037.0, 0.07818181818181819
241.0, 21098.809456797073, 17523.0, 24265.0, 0.07714285714285714
242.0, 21143.75596742488, 17275.0, 24142.0, 0.07506493506493507
243.0, 21112.050280898875, 17158.0, 24042.0, 0.07532467532467532
244.0, 21101.364332293735, 17158.0, 24011.0, 0.0838961038961039
245.0, 21094.897054698456, 17158.0, 24265.0, 0.07402597402597402
246.0, 21120.52714045887, 17158.0, 24265.0, 0.07168831168831169
247.0, 21123.97291960508, 17009.0, 24265.0, 0.07922077922077922
248.0, 21136.846523459582, 17009.0, 24265.0, 0.08103896103896104
249.0, 21164.553329571107, 17224.0, 24294.0, 0.07948051948051948
250.0, 21170.57376586742, 17599.0, 23958.0, 0.07922077922077922
251.0, 21201.573752103195, 17267.0, 23958.0, 0.07376623376623377
252.0, 21204.54233025985, 17599.0, 24041.0, 0.07038961038961039
253.0, 21206.665727170235, 17773.0, 24256.0, 0.07844155844155844
254.0, 21231.38727995457, 17433.0, 24256.0, 0.0851948051948052
255.0, 21267.716836734693, 17526.0, 24256.0, 0.08363636363636363
256.0, 21322.73337091319, 16585.0, 24256.0, 0.07844155844155844
257.0, 21357.505444126073, 16585.0, 24333.0, 0.09350649350649351
258.0, 21408.426134721016, 17460.0, 24333.0, 0.10155844155844156
259.0, 21392.51181102362, 17519.0, 24333.0, 0.10935064935064935
260.0, 21354.297736506094, 17520.0, 24333.0, 0.10493506493506494
261.0, 21363.675893886968, 17037.0, 24265.0, 0.09922077922077922
262.0, 21305.161544967577, 15896.0, 24096.0, 0.0787012987012987
263.0, 21276.728384765083, 15484.0, 24041.0, 0.06571428571428571
264.0, 21255.065454545456, 15484.0, 23813.0, 0.07142857142857142
265.0, 21318.615075952996, 14720.0, 24348.0, 0.09376623376623376
266.0, 21324.134055904164, 15484.0, 24239.0, 0.08935064935064935
267.0, 21358.441768206292, 14615.0, 24348.0, 0.08337662337662338
268.0, 21360.842568911623, 14615.0, 24041.0, 0.08597402597402598
269.0, 21344.724068767908, 15423.0, 23958.0, 0.09350649350649351
270.0, 21339.76558956916, 16662.0, 24279.0, 0.08363636363636363
271.0, 21332.8054540343, 16662.0, 24041.0, 0.0761038961038961
272.0, 21358.554842310914, 15982.0, 24369.0, 0.06935064935064936
273.0, 21380.32231867824, 15982.0, 24369.0, 0.07246753246753247
274.0, 21382.52069839482, 17401.0, 24369.0, 0.07766233766233767
275.0, 21361.615126988556, 16355.0, 24160.0, 0.06935064935064936
276.0, 21378.407428092713, 17401.0, 24160.0, 0.06987012987012987
277.0, 21375.236222653006, 17043.0, 23958.0, 0.06207792207792208
278.0, 21459.764689344953, 17178.0, 24107.0, 0.0761038961038961
279.0, 21510.35510553337, 17164.0, 24120.0, 0.08935064935064935
280.0, 21561.304756479636, 16415.0, 24433.0, 0.08805194805194805
281.0, 21597.028579434016, 16315.0, 24294.0, 0.07298701298701299
282.0, 21606.960268606603, 17548.0, 24265.0, 0.07168831168831169
283.0, 21633.228273137698, 17580.0, 24265.0, 0.07948051948051948
284.0, 21642.333708814418, 17327.0, 24273.0, 0.07766233766233767
285.0, 21641.721875, 17444.0, 24273.0, 0.08571428571428572
286.0, 21653.178611422172, 17596.0, 24333.0, 0.0722077922077922
287.0, 21639.450239639133, 17745.0, 24273.0, 0.0787012987012987
288.0, 21622.62014184397, 17800.0, 24273.0, 0.08441558441558442
289.0, 21638.29939776312, 17913.0, 24273.0, 0.09428571428571429
290.0, 21682.194227994227, 17673.0, 24273.0, 0.1
291.0, 21704.62746234067, 17673.0, 24273.0, 0.10337662337662337
292.0, 21710.662943871706, 18026.0, 24273.0, 0.09298701298701299
293.0, 21725.8610400682, 18288.0, 24273.0, 0.08597402597402598
294.0, 21763.019198193113, 17643.0, 24273.0, 0.08
295.0, 21818.500987306066, 17643.0, 24273.0, 0.07922077922077922
296.0, 21853.357764672844, 17643.0, 24546.0, 0.07506493506493507
297.0, 21880.783088235294, 17570.0, 24546.0, 0.08155844155844155
298.0, 21897.306970128022, 18145.0, 24546.0, 0.08701298701298701
299.0, 21894.497712978846, 18178.0, 24546.0, 0.09142857142857143
300.0, 21932.29106628242, 17924.0, 24273.0, 0.0987012987012987
301.0, 21954.470991711918, 18373.0, 24310.0, 0.09116883116883116
302.0, 21963.62973431317, 18627.0, 24273.0, 0.08103896103896104
303.0, 21973.121778532994, 18536.0, 24310.0, 0.08285714285714285
304.0, 21992.417331812998, 18725.0, 24310.0, 0.08883116883116883
305.0, 22020.162601626016, 18745.0, 24294.0, 0.0735064935064935
306.0, 22044.346078155748, 18745.0, 24273.0, 0.0761038961038961
307.0, 22034.02932882121, 18745.0, 24503.0, 0.07896103896103897
308.0, 21996.26606026151, 18843.0, 24265.0, 0.08623376623376623
309.0, 22015.402801600914, 18843.0, 24386.0, 0.09142857142857143
310.0, 22025.866395585246, 19025.0, 24294.0, 0.10571428571428572
311.0, 22001.809399477806, 18505.0, 24294.0, 0.10467532467532467
312.0, 22012.70684225594, 18231.0, 24265.0, 0.09272727272727273
313.0, 22018.23282226008, 18718.0, 24265.0, 0.0851948051948052
314.0, 22031.22495004282, 18754.0, 24321.0, 0.09012987012987013
315.0, 22012.408238636363, 18148.0, 24423.0, 0.08571428571428572
316.0, 22045.4110133409, 18148.0, 24386.0, 0.08493506493506493
317.0, 22033.083073433514, 18148.0, 24333.0, 0.0838961038961039
318.0, 22069.48888888889, 18801.0, 25259.0, 0.07662337662337662
319.0, 22115.147637795275, 18754.0, 25259.0, 0.07636363636363637
320.0, 22088.18407960199, 18801.0, 24571.0, 0.06025974025974026
321.0, 22084.50756302521, 18745.0, 24503.0, 0.07272727272727272
322.0, 22083.699246020664, 18265.0, 24503.0, 0.06987012987012987
323.0, 22102.09796827164, 18265.0, 24386.0, 0.06675324675324676
324.0, 22108.508865747255, 18265.0, 24357.0, 0.07714285714285714
325.0, 22107.405038211153, 17314.0, 24357.0, 0.08233766233766233
326.0, 22125.122234827, 17314.0, 24265.0, 0.08415584415584415
327.0, 22149.215293453726, 18089.0, 24273.0, 0.07948051948051948
328.0, 22162.713468687445, 18089.0, 24503.0, 0.0916883116883117
329.0, 22138.413111048318, 18601.0, 24503.0, 0.08077922077922078
330.0, 22143.745915492957, 18428.0, 24503.0, 0.07792207792207792
331.0, 22189.17026719727, 18428.0, 24503.0, 0.08623376623376623
332.0, 22195.040361275755, 18396.0, 24503.0, 0.07974025974025974
333.0, 22166.37069452287, 18265.0, 24503.0, 0.08
334.0, 22190.15548607163, 18265.0, 24503.0, 0.08623376623376623
335.0, 22247.733932079707, 17761.0, 24503.0, 0.07454545454545454
336.0, 22276.665544332212, 18265.0, 24503.0, 0.07428571428571429
337.0, 22273.250697155607, 18265.0, 24503.0, 0.06857142857142857
338.0, 22256.071448663854, 18296.0, 24503.0, 0.07662337662337662
339.0, 22261.153953229397, 18821.0, 24626.0, 0.06701298701298701
340.0, 22274.461667599327, 18821.0, 24626.0, 0.07168831168831169
341.0, 22303.526271893243, 18246.0, 24503.0, 0.06571428571428571
342.0, 22315.447951273534, 19160.0, 24348.0, 0.06181818181818182
343.0, 22330.903048613018, 18856.0, 24503.0, 0.054285714285714284
344.0, 22354.177557209816, 18641.0, 24503.0, 0.05792207792207792
345.0, 22385.91972413793, 18641.0, 24503.0, 0.05844155844155844
346.0, 22426.922991381707, 18006.0, 24348.0, 0.06571428571428571
347.0, 22435.946793615232, 18006.0, 24348.0, 0.07246753246753247
348.0, 22446.496613995485, 18817.0, 24425.0, 0.07948051948051948
349.0, 22447.190970274816, 19171.0, 24385.0, 0.07376623376623377
350.0, 22451.32481751825, 19362.0, 24503.0, 0.0748051948051948
351.0, 22528.253509264458, 19362.0, 24385.0, 0.0748051948051948
352.0, 22584.928394381714, 19362.0, 24425.0, 0.05688311688311688
353.0, 22591.036707452724, 19470.0, 24386.0, 0.06597402597402598
354.0, 22628.517802074573, 19470.0, 24386.0, 0.0735064935064935
355.0, 22636.901408450703, 19470.0, 24503.0, 0.07792207792207792
356.0, 22633.889513635087, 19685.0, 24503.0, 0.0761038961038961
357.0, 22625.000280662363, 19235.0, 24503.0, 0.07454545454545454
358.0, 22613.199776161164, 19137.0, 24503.0, 0.07168831168831169
359.0, 22644.514848737163, 19315.0, 24289.0, 0.06415584415584416
360.0, 22697.636817299695, 19315.0, 24289.0, 0.06311688311688311
361.0, 22748.730470914128, 19594.0, 24386.0, 0.06233766233766234
362.0, 22762.18591160221, 19470.0, 24386.0, 0.05974025974025974
363.0, 22823.775962337302, 19709.0, 24528.0, 0.06207792207792208
364.0, 22845.745969983323, 20109.0, 24381.0, 0.06545454545454546
365.0, 22868.232610532243, 19933.0, 24381.0, 0.07766233766233767
366.0, 22844.562163693005, 19936.0, 24381.0, 0.08285714285714285
367.0, 22848.893785310735, 19605.0, 24369.0, 0.08051948051948052
368.0, 22847.87043847242, 19514.0, 24381.0, 0.08181818181818182
369.0, 22844.252571428573, 18877.0, 24381.0, 0.09090909090909091
370.0, 22866.312923250563, 18881.0, 24361.0, 0.07948051948051948
371.0, 22862.50479954828, 19057.0, 24503.0, 0.08
372.0, 22858.09414401793, 19786.0, 24503.0, 0.07298701298701299
373.0, 22895.28338028169, 19697.0, 24289.0, 0.07792207792207792
374.0, 22927.543293718165, 19389.0, 24743.0, 0.08207792207792208
375.0, 22941.450099516635, 19484.0, 25050.0, 0.0864935064935065
376.0, 22929.73350253807, 19665.0, 24482.0, 0.07896103896103897
377.0, 22896.151979921917, 19351.0, 24482.0, 0.06857142857142857
378.0, 22930.538205980065, 19510.0, 24482.0, 0.06181818181818182
379.0, 22918.493713327745, 19343.0, 24482.0, 0.07038961038961039
380.0, 22883.148033707865, 19244.0, 24482.0, 0.07532467532467532
381.0, 22915.867882187937, 19984.0, 24482.0, 0.07402597402597402
382.0, 22958.898195149464, 19510.0, 24482.0, 0.07896103896103897
383.0, 22975.902115655852, 19510.0, 24495.0, 0.07922077922077922
384.0, 23005.850532809873, 19510.0, 24495.0, 0.07376623376623377
385.0, 23006.237119271278, 20241.0, 25184.0, 0.08753246753246753
386.0, 23015.72318143221, 20248.0, 25184.0, 0.08233766233766233
387.0, 23031.45329512894, 20039.0, 25122.0, 0.09350649350649351
388.0, 23041.31413763317, 19803.0, 25122.0, 0.09792207792207792
389.0, 23084.74957167333, 19803.0, 24991.0, 0.0903896103896104
390.0, 23122.9937034917, 20039.0, 25001.0, 0.09246753246753246
391.0, 23144.671408250357, 20117.0, 25237.0, 0.08701298701298701
392.0, 23133.1931561086, 20117.0, 25237.0, 0.08155844155844155
393.0, 23150.19669327252, 20147.0, 25022.0, 0.08883116883116883
394.0, 23133.231510342874, 19920.0, 25022.0, 0.08337662337662338
395.0, 23159.814395012752, 19920.0, 25306.0, 0.08337662337662338
396.0, 23172.548460016955, 19920.0, 25022.0, 0.08077922077922078
397.0, 23164.916385135137, 20542.0, 24790.0, 0.0774025974025974
398.0, 23184.346153846152, 20542.0, 24763.0, 0.08155844155844155
399.0, 23202.53359244864, 20542.0, 25001.0, 0.06441558441558441
400.0, 23185.403139893468, 20020.0, 25009.0, 0.0735064935064935
401.0, 23221.506211180124, 20020.0, 25001.0, 0.08
402.0, 23261.29006772009, 20112.0, 25001.0, 0.07948051948051948
403.0, 23294.901463963964, 20319.0, 25253.0, 0.0774025974025974
404.0, 23287.34388245267, 20319.0, 25001.0, 0.08077922077922078
405.0, 23264.03482446206, 20039.0, 25001.0, 0.0825974025974026
406.0, 23269.011223344558, 20319.0, 25237.0, 0.07428571428571429
407.0, 23281.45729791488, 20029.0, 25615.0, 0.09064935064935065
408.0, 23289.140901312036, 20427.0, 25237.0, 0.08935064935064935
409.0, 23310.44333712984, 20427.0, 25237.0, 0.0877922077922078
410.0, 23298.080631519595, 20342.0, 25237.0, 0.0787012987012987
411.0, 23297.038124823495, 20578.0, 25237.0, 0.08025974025974025
412.0, 23303.944695259594, 20603.0, 25253.0, 0.07948051948051948
413.0, 23337.16883484163, 20388.0, 25237.0, 0.08155844155844155
414.0, 23382.62503532071, 20353.0, 25009.0, 0.08077922077922078
415.0, 23415.58601997147, 20688.0, 25018.0, 0.08961038961038961
416.0, 23422.56989247312, 20688.0, 25018.0, 0.08207792207792208
417.0, 23446.586628733996, 20306.0, 25237.0, 0.08701298701298701
418.0, 23455.703209315536, 20306.0, 25237.0, 0.08545454545454545
419.0, 23460.362776025235, 20306.0, 25237.0, 0.09428571428571429
420.0, 23454.50254957507, 20048.0, 25237.0, 0.08311688311688312
421.0, 23460.31664791901, 20349.0, 25237.0, 0.07636363636363637
422.0, 23488.22487366648, 20604.0, 25237.0, 0.0748051948051948
423.0, 23494.7782729805, 20349.0, 25237.0, 0.06753246753246753
424.0, 23495.23316777042, 20473.0, 25237.0, 0.0587012987012987
425.0, 23510.82784184514, 20473.0, 25237.0, 0.054025974025974026
426.0, 23513.568956043957, 20529.0, 25237.0, 0.05454545454545454
427.0, 23527.93621741542, 20294.0, 25237.0, 0.06337662337662338
428.0, 23518.47680629744, 20294.0, 25018.0, 0.0761038961038961
429.0, 23539.852941176472, 20664.0, 25018.0, 0.07272727272727272
430.0, 23577.283798882683, 20852.0, 25018.0, 0.07012987012987013
431.0, 23589.21799500139, 20529.0, 25018.0, 0.06467532467532468
432.0, 23581.022073204807, 20852.0, 25018.0, 0.07038961038961039
433.0, 23560.7728823195, 20605.0, 25018.0, 0.08623376623376623
434.0, 23571.82742986682, 20842.0, 25022.0, 0.08337662337662338
435.0, 23587.377877596857, 20651.0, 25018.0, 0.0748051948051948
436.0, 23567.94757499299, 20099.0, 25022.0, 0.0735064935064935
437.0, 23588.209582516112, 20439.0, 25022.0, 0.07298701298701299
438.0, 23598.14277777778, 19896.0, 25022.0, 0.06493506493506493
439.0, 23611.165501817166, 20686.0, 25018.0, 0.07090909090909091
440.0, 23600.00504625736, 20529.0, 25018.0, 0.0735064935064935
441.0, 23631.40530726257, 20529.0, 25018.0, 0.07012987012987013
442.0, 23655.331938633193, 20529.0, 25018.0, 0.06883116883116883
443.0, 23646.34738330976, 20974.0, 25018.0, 0.08181818181818182
444.0, 23664.89765100671, 21152.0, 25018.0, 0.07116883116883117
445.0, 23684.600944182173, 20452.0, 25018.0, 0.06467532467532468
446.0, 23697.2756427979, 20545.0, 25018.0, 0.06051948051948052
447.0, 23720.362971299943, 20545.0, 25018.0, 0.07688311688311689
448.0, 23756.480672268906, 20214.0, 25018.0, 0.07272727272727272
449.0, 23755.27799442897, 20852.0, 25018.0, 0.06753246753246753
450.0, 23750.947646895016, 20385.0, 25018.0, 0.06727272727272728
451.0, 23750.40673289183, 20698.0, 25018.0, 0.0587012987012987
452.0, 23765.219329825533, 20391.0, 25018.0, 0.06207792207792208
453.0, 23792.489891996676, 20391.0, 25018.0, 0.06207792207792208
454.0, 23768.75223463687, 20902.0, 25018.0, 0.07012987012987013
455.0, 23762.074831838567, 20944.0, 25018.0, 0.07324675324675324
456.0, 23777.034841247543, 21485.0, 25018.0, 0.07558441558441559
457.0, 23804.559203142537, 21485.0, 25451.0, 0.07428571428571429
458.0, 23805.915401911185, 21025.0, 25451.0, 0.07584415584415584
459.0, 23831.15476521256, 21024.0, 25451.0, 0.0651948051948052
460.0, 23836.898978746896, 21293.0, 25451.0, 0.058961038961038964
461.0, 23858.724166666667, 21517.0, 25451.0, 0.06493506493506493
462.0, 23825.66918133557, 21517.0, 25451.0, 0.07038961038961039
463.0, 23841.004751257686, 21051.0, 25451.0, 0.07064935064935066
464.0, 23842.263795045044, 21199.0, 25451.0, 0.0774025974025974
465.0, 23851.462142456534, 20971.0, 25451.0, 0.07376623376623377
466.0, 23866.06136877828, 20971.0, 25451.0, 0.08155844155844155
467.0, 23860.31415679639, 20664.0, 25018.0, 0.07896103896103897
468.0, 23872.79944598338, 19924.0, 25018.0, 0.06233766233766234
469.0, 23894.30453020134, 19924.0, 25018.0, 0.07116883116883117
470.0, 23914.107709750566, 21279.0, 25018.0, 0.08363636363636363
471.0, 23928.448305084745, 21608.0, 25018.0, 0.08051948051948052
472.0, 23957.695454545454, 21732.0, 25018.0, 0.08571428571428572
473.0, 23945.0404153803, 21732.0, 25026.0, 0.07454545454545454
474.0, 23964.44985915493, 21496.0, 25018.0, 0.07792207792207792
475.0, 23938.686180692373, 20852.0, 25018.0, 0.07714285714285714
476.0, 23938.395486600846, 21395.0, 25018.0, 0.07922077922077922
477.0, 23934.38008415147, 21496.0, 25018.0, 0.07402597402597402
478.0, 23937.22609422916, 21496.0, 25018.0, 0.06831168831168831
479.0, 23924.15751525236, 20507.0, 25018.0, 0.06337662337662338
480.0, 23949.87682960508, 21189.0, 25018.0, 0.05948051948051948
481.0, 23963.19595517901, 20642.0, 25018.0, 0.04961038961038961
482.0, 23978.84368131868, 20642.0, 25018.0, 0.05454545454545454
483.0, 23986.889379310345, 21199.0, 25018.0, 0.05844155844155844
484.0, 23991.253884572696, 21496.0, 25018.0, 0.0638961038961039
485.0, 23999.374064837906, 21504.0, 25018.0, 0.0625974025974026
486.0, 24010.117027176926, 21072.0, 25018.0, 0.06337662337662338
487.0, 24009.06163242643, 21072.0, 25018.0, 0.06441558441558441
488.0, 23993.860662469204, 20690.0, 25018.0, 0.05116883116883117
489.0, 23995.36661120355, 21275.0, 25018.0, 0.06337662337662338
490.0, 23993.091512303014, 20414.0, 25018.0, 0.06051948051948052
491.0, 23986.534845132745, 21051.0, 25018.0, 0.06077922077922078
492.0, 23964.44762954796, 21051.0, 25029.0, 0.057662337662337665
493.0, 23989.278038027005, 21496.0, 25018.0, 0.0574025974025974
494.0, 23968.617338487024, 21504.0, 25018.0, 0.05922077922077922
495.0, 23976.73816155989, 20642.0, 25018.0, 0.06753246753246753
496.0, 23972.216231555052, 21275.0, 25018.0, 0.08467532467532468
497.0, 23979.6797532249, 21275.0, 25018.0, 0.07376623376623377
498.0, 23974.34466156896, 21275.0, 25018.0, 0.08285714285714285
499.0, 23962.507554560718, 21275.0, 25018.0, 0.07168831168831169
500.0, 23982.141490857946, 20099.0, 25018.0, 0.07662337662337662
501.0, 23974.344535441967, 19259.0, 25018.0, 0.08025974025974025
502.0, 23971.65103294249, 21275.0, 25018.0, 0.06961038961038961
503.0, 23965.109589041094, 21223.0, 25018.0, 0.07090909090909091
504.0, 23989.226452340667, 21055.0, 25018.0, 0.07896103896103897
505.0, 23988.110797060486, 21912.0, 25018.0, 0.08103896103896104
506.0, 24000.313357602914, 21684.0, 25018.0, 0.07246753246753247
507.0, 24021.421271868927, 21047.0, 25018.0, 0.06467532467532468
508.0, 24030.81457871397, 21732.0, 25018.0, 0.06285714285714286
509.0, 24056.30581980974, 21370.0, 25018.0, 0.07168831168831169
510.0, 24051.400223901484, 21732.0, 25018.0, 0.07194805194805194
511.0, 24040.045352112676, 21732.0, 25018.0, 0.07792207792207792
512.0, 24050.02289863167, 21598.0, 25018.0, 0.06987012987012987
513.0, 24038.52165409332, 21598.0, 25018.0, 0.07038961038961039
514.0, 24043.22495755518, 20414.0, 25018.0, 0.08207792207792208
515.0, 24029.43757126568, 20414.0, 25018.0, 0.08883116883116883
516.0, 24042.66114285714, 21071.0, 25018.0, 0.09090909090909091
517.0, 24026.395082904517, 21071.0, 25018.0, 0.09142857142857143
518.0, 24031.78428611659, 21035.0, 25018.0, 0.07766233766233767
519.0, 24042.920448179273, 21035.0, 25018.0, 0.07272727272727272
520.0, 24044.26066217733, 21035.0, 25018.0, 0.07428571428571429
521.0, 24043.870170454546, 20414.0, 25018.0, 0.08571428571428572
522.0, 24026.058139534885, 21207.0, 25018.0, 0.06181818181818182
523.0, 24037.118908382065, 21369.0, 25018.0, 0.06727272727272728
524.0, 24054.03681151398, 21370.0, 25018.0, 0.061558441558441555
525.0, 24046.90080354669, 21598.0, 25018.0, 0.0625974025974026
526.0, 24054.174563591023, 21598.0, 25018.0, 0.0625974025974026
527.0, 24046.749444444446, 21598.0, 25018.0, 0.06493506493506493
528.0, 24044.441873278236, 21035.0, 25018.0, 0.05714285714285714
529.0, 24066.38119087368, 21035.0, 25018.0, 0.0664935064935065
530.0, 24070.974832214764, 21504.0, 25018.0, 0.07116883116883117
531.0, 24063.378648874062, 21672.0, 25018.0, 0.06571428571428571
532.0, 24079.34279415817, 21039.0, 25026.0, 0.0574025974025974
533.0, 24105.135240211053, 21672.0, 25026.0, 0.06467532467532468
534.0, 24097.477310459326, 21672.0, 25018.0, 0.0612987012987013
535.0, 24081.608130530974, 22003.0, 25018.0, 0.06077922077922078
536.0, 24079.858256752992, 22003.0, 25018.0, 0.06727272727272728
537.0, 24095.39734162896, 22003.0, 25018.0, 0.08155844155844155
538.0, 24088.171275395034, 22003.0, 25124.0, 0.07948051948051948
539.0, 24107.08114891244, 22003.0, 25352.0, 0.06857142857142857
540.0, 24134.027909572982, 22003.0, 25352.0, 0.06935064935064936
541.0, 24128.577951002226, 22128.0, 25352.0, 0.06701298701298701
542.0, 24126.031293270564, 22128.0, 25352.0, 0.06207792207792208
543.0, 24131.076473859845, 22128.0, 25352.0, 0.06597402597402598
544.0, 24163.06790465632, 22125.0, 25352.0, 0.06285714285714286
545.0, 24155.19440598172, 21892.0, 25352.0, 0.06207792207792208
546.0, 24166.202814569537, 22128.0, 25352.0, 0.0587012987012987
547.0, 24188.026778242678, 22128.0, 25352.0, 0.06883116883116883
548.0, 24196.678904264332, 22125.0, 25352.0, 0.08025974025974025
549.0, 24199.264787946428, 22272.0, 25352.0, 0.06909090909090909
550.0, 24217.13450782998, 22272.0, 25352.0, 0.07116883116883117
551.0, 24216.78630820399, 21900.0, 25352.0, 0.06285714285714286
552.0, 24237.236419926823, 21863.0, 25352.0, 0.07714285714285714
553.0, 24259.72618709127, 21863.0, 25352.0, 0.0864935064935065
554.0, 24242.781505497605, 22125.0, 25352.0, 0.0787012987012987
555.0, 24274.290459965927, 22351.0, 25352.0, 0.0851948051948052
556.0, 24277.84234620887, 22351.0, 25352.0, 0.09220779220779221
557.0, 24293.494688486935, 22374.0, 25352.0, 0.09532467532467533
558.0, 24318.133878241264, 22374.0, 25352.0, 0.07844155844155844
559.0, 24310.482554867755, 21658.0, 25124.0, 0.07688311688311689
560.0, 24299.615944055946, 22579.0, 25124.0, 0.07142857142857142
561.0, 24290.186497890296, 22579.0, 25124.0, 0.07662337662337662
562.0, 24297.97690595437, 21650.0, 25352.0, 0.0664935064935065
563.0, 24291.784242761692, 21650.0, 25124.0, 0.06701298701298701
564.0, 24311.93556347683, 22390.0, 25018.0, 0.05272727272727273
565.0, 24314.872399445216, 22621.0, 25223.0, 0.06363636363636363
566.0, 24323.028058361393, 22621.0, 25223.0, 0.07428571428571429
567.0, 24331.356762811538, 22849.0, 25018.0, 0.07246753246753247
568.0, 24335.593523171414, 22890.0, 25144.0, 0.06961038961038961
569.0, 24329.556727480045, 22820.0, 25451.0, 0.08883116883116883
570.0, 24332.22251082251, 22627.0, 25451.0, 0.1
571.0, 24332.40617913832, 22548.0, 25451.0, 0.08363636363636363
572.0, 24354.606900452487, 22548.0, 25451.0, 0.08155844155844155
573.0, 24377.173446327684, 22855.0, 25451.0, 0.08051948051948052
574.0, 24379.45717526943, 22672.0, 25451.0, 0.08415584415584415
575.0, 24368.721785513757, 22672.0, 25451.0, 0.0748051948051948
576.0, 24387.296538024973, 22657.0, 25451.0, 0.08467532467532468
577.0, 24381.119446047316, 22657.0, 25451.0, 0.09974025974025974
578.0, 24385.034, 22657.0, 25451.0, 0.09090909090909091
579.0, 24400.87689287717, 22657.0, 25451.0, 0.07376623376623377
580.0, 24414.593062605752, 23087.0, 25451.0, 0.07896103896103897
581.0, 24431.228563396122, 22450.0, 25451.0, 0.0761038961038961
582.0, 24436.219690576654, 22450.0, 25451.0, 0.07662337662337662
583.0, 24422.962492949802, 22450.0, 25451.0, 0.07896103896103897
584.0, 24436.057644110275, 22450.0, 25451.0, 0.06727272727272728
585.0, 24439.04284134881, 21806.0, 25451.0, 0.06025974025974026
586.0, 24449.06332599119, 22756.0, 25451.0, 0.056623376623376624
587.0, 24443.62993006993, 22817.0, 25451.0, 0.07142857142857142
588.0, 24467.89543404735, 22450.0, 25451.0, 0.07844155844155844
589.0, 24485.36597202398, 23066.0, 25451.0, 0.09012987012987013
590.0, 24468.530086761824, 22450.0, 25451.0, 0.07194805194805194
591.0, 24480.638303847234, 22450.0, 25451.0, 0.07506493506493507
592.0, 24510.203626220362, 22520.0, 25451.0, 0.06883116883116883
593.0, 24530.215966386553, 22520.0, 25451.0, 0.07272727272727272
594.0, 24534.867770915218, 22450.0, 25451.0, 0.0748051948051948
595.0, 24545.266072919567, 22797.0, 25451.0, 0.06675324675324676
596.0, 24551.84769316287, 22736.0, 25451.0, 0.06545454545454546
597.0, 24548.368084514874, 22222.0, 25451.0, 0.06571428571428571
598.0, 24530.320393811533, 22222.0, 25451.0, 0.07662337662337662
599.0, 24539.796091758708, 22222.0, 25451.0, 0.08285714285714285
600.0, 24537.30165870115, 22222.0, 25451.0, 0.0761038961038961
601.0, 24552.955387205388, 22809.0, 25451.0, 0.07428571428571429
602.0, 24570.010933557613, 22809.0, 25451.0, 0.0735064935064935
603.0, 24573.812447902194, 23093.0, 25451.0, 0.0651948051948052
604.0, 24572.47152167753, 22808.0, 25451.0, 0.08337662337662338
605.0, 24574.713484721055, 23061.0, 25451.0, 0.0735064935064935
606.0, 24590.80739903982, 22476.0, 25451.0, 0.08025974025974025
607.0, 24582.302051137962, 22754.0, 25451.0, 0.07558441558441559
608.0, 24588.76330532213, 23093.0, 25451.0, 0.07272727272727272
609.0, 24603.958748615725, 23093.0, 25451.0, 0.06181818181818182
610.0, 24609.346733668342, 23093.0, 25451.0, 0.06961038961038961
611.0, 24623.337996642418, 23093.0, 25451.0, 0.07168831168831169
612.0, 24618.291783905457, 23093.0, 25451.0, 0.07688311688311689
613.0, 24614.161639157654, 23093.0, 25451.0, 0.08727272727272728
614.0, 24623.556869369368, 23093.0, 25451.0, 0.0774025974025974
615.0, 24637.070584926885, 23093.0, 25451.0, 0.07636363636363637
616.0, 24632.360077198788, 23093.0, 25451.0, 0.05792207792207792
617.0, 24622.667871039466, 23093.0, 25451.0, 0.06545454545454546
618.0, 24620.158231368187, 23093.0, 25451.0, 0.06597402597402598
619.0, 24642.535191441442, 22778.0, 25716.0, 0.0774025974025974
620.0, 24651.734234234234, 22778.0, 25451.0, 0.0774025974025974
621.0, 24656.270548899414, 23085.0, 25716.0, 0.06779220779220779
622.0, 24672.326056535123, 23093.0, 25451.0, 0.07194805194805194
623.0, 24664.78945900725, 23093.0, 25716.0, 0.06857142857142857
624.0, 24657.80340686959, 23321.0, 25451.0, 0.06987012987012987
625.0, 24654.450198075836, 23321.0, 25451.0, 0.08207792207792208
626.0, 24683.308564946114, 23093.0, 25451.0, 0.08415584415584415
627.0, 24680.890264490714, 23093.0, 25451.0, 0.07688311688311689
628.0, 24667.055242390077, 23093.0, 25451.0, 0.07844155844155844
629.0, 24692.423597678917, 23093.0, 25451.0, 0.06
630.0, 24688.79972299169, 23321.0, 25451.0, 0.06233766233766234
631.0, 24705.425632471502, 23321.0, 25451.0, 0.06571428571428571
632.0, 24706.209938581796, 23400.0, 25451.0, 0.06961038961038961
633.0, 24710.22590529248, 23400.0, 25451.0, 0.06753246753246753
634.0, 24693.95524908528, 23400.0, 25451.0, 0.07714285714285714
635.0, 24696.849944629015, 23722.0, 25451.0, 0.06181818181818182
636.0, 24703.843522153675, 23730.0, 25451.0, 0.07376623376623377
637.0, 24709.8889818689, 23469.0, 25451.0, 0.06883116883116883
638.0, 24692.13197969543, 23294.0, 25451.0, 0.07896103896103897
639.0, 24675.80339943343, 23270.0, 25451.0, 0.08311688311688312
640.0, 24686.565290648694, 23270.0, 25451.0, 0.07506493506493507
641.0, 24696.372477578476, 23270.0, 25451.0, 0.07324675324675324
642.0, 24699.712637207995, 22963.0, 25451.0, 0.07714285714285714
643.0, 24711.421022887822, 22727.0, 25451.0, 0.08077922077922078
644.0, 24708.347862767154, 23102.0, 25451.0, 0.07636363636363637
645.0, 24722.89321468298, 23394.0, 25451.0, 0.06597402597402598
646.0, 24721.627906976744, 23321.0, 25451.0, 0.07298701298701299
647.0, 24712.84726551431, 23093.0, 25451.0, 0.08337662337662338
648.0, 24710.77377235311, 23102.0, 25451.0, 0.08493506493506493
649.0, 24717.580682143882, 23102.0, 25451.0, 0.09376623376623376
650.0, 24714.292220650637, 23012.0, 25451.0, 0.08181818181818182
651.0, 24726.999447055572, 23012.0, 25451.0, 0.06051948051948052
652.0, 24729.274897119343, 22681.0, 25451.0, 0.053246753246753244
653.0, 24743.427512355847, 23012.0, 25451.0, 0.054025974025974026
654.0, 24754.000835421888, 22384.0, 25451.0, 0.06727272727272728
655.0, 24757.673725271663, 22384.0, 25451.0, 0.06779220779220779
656.0, 24766.697615708275, 22577.0, 25451.0, 0.07402597402597402
657.0, 24774.469177126917, 22577.0, 25451.0, 0.06883116883116883
658.0, 24771.456002249088, 22525.0, 25451.0, 0.0761038961038961
659.0, 24759.463056965596, 22525.0, 25451.0, 0.07896103896103897
660.0, 24760.824944071588, 22525.0, 25451.0, 0.07116883116883117
661.0, 24763.422375690607, 22289.0, 25451.0, 0.05974025974025974
662.0, 24758.042517482518, 22525.0, 25451.0, 0.07142857142857142
663.0, 24777.948304613674, 22999.0, 25451.0, 0.06545454545454546
664.0, 24778.09167842031, 22827.0, 25451.0, 0.07922077922077922
665.0, 24782.407972858353, 22544.0, 25451.0, 0.0812987012987013
666.0, 24788.8285634119, 22280.0, 25451.0, 0.07428571428571429
667.0, 24796.676626640605, 22280.0, 25451.0, 0.06987012987012987
668.0, 24792.695027624308, 22566.0, 25451.0, 0.05974025974025974
669.0, 24796.2808676307, 22143.0, 25451.0, 0.06597402597402598
670.0, 24790.765195670276, 22464.0, 25451.0, 0.06415584415584416
671.0, 24817.150555555556, 22280.0, 25451.0, 0.06493506493506493
672.0, 24839.435546875, 23055.0, 25451.0, 0.06909090909090909
673.0, 24839.091745677637, 23321.0, 25451.0, 0.06857142857142857
674.0, 24839.235967606815, 23053.0, 25451.0, 0.06987012987012987
675.0, 24851.100252030243, 23362.0, 25451.0, 0.07246753246753247
676.0, 24845.12814773363, 22819.0, 25451.0, 0.07168831168831169
677.0, 24837.833103448276, 23055.0, 25451.0, 0.05844155844155844
678.0, 24845.775910364147, 23134.0, 25451.0, 0.07272727272727272
679.0, 24853.75972027972, 23362.0, 25451.0, 0.07142857142857142
680.0, 24841.510912143258, 23134.0, 25451.0, 0.07168831168831169
681.0, 24845.26193840068, 23362.0, 25451.0, 0.08077922077922078
682.0, 24840.62829600227, 23362.0, 25451.0, 0.0838961038961039
683.0, 24844.089897021986, 23087.0, 25451.0, 0.06675324675324676
684.0, 24853.41488764045, 23087.0, 25451.0, 0.07532467532467532
685.0, 24856.87797454344, 23087.0, 25451.0, 0.0612987012987013
686.0, 24839.837384744344, 22859.0, 25451.0, 0.07038961038961039
687.0, 24849.40691192865, 22859.0, 25451.0, 0.06805194805194806
688.0, 24849.934679001963, 23215.0, 25451.0, 0.0735064935064935
689.0, 24862.03105590062, 23522.0, 25451.0, 0.08
690.0, 24865.97067117879, 23087.0, 25451.0, 0.07896103896103897
691.0, 24877.60062182024, 23087.0, 25451.0, 0.08103896103896104
692.0, 24870.291089108912, 23087.0, 25451.0, 0.08181818181818182
693.0, 24871.26485426009, 23087.0, 25451.0, 0.07324675324675324
694.0, 24877.02658830115, 23087.0, 25451.0, 0.07194805194805194
695.0, 24881.405857740585, 23215.0, 25451.0, 0.06883116883116883
696.0, 24895.49929358576, 22859.0, 25451.0, 0.08077922077922078
697.0, 24893.126159033436, 22859.0, 25451.0, 0.07558441558441559
698.0, 24884.90985442329, 22859.0, 25451.0, 0.0722077922077922
699.0, 24886.83250276855, 23394.0, 25451.0, 0.06181818181818182
700.0, 24890.47732300885, 23087.0, 25451.0, 0.06077922077922078
701.0, 24902.736609607953, 23087.0, 25451.0, 0.05922077922077922
702.0, 24905.947411894274, 23087.0, 25451.0, 0.056623376623376624
703.0, 24921.486225895318, 23522.0, 25451.0, 0.05714285714285714
704.0, 24913.12169312169, 23291.0, 25451.0, 0.06727272727272728
705.0, 24902.130643340857, 23291.0, 25451.0, 0.07948051948051948
706.0, 24898.919885550786, 23087.0, 25451.0, 0.09220779220779221
707.0, 24903.360637405647, 22492.0, 25451.0, 0.07090909090909091
708.0, 24902.295283282165, 22538.0, 25451.0, 0.06935064935064936
709.0, 24912.78079158594, 22538.0, 25451.0, 0.061558441558441555
710.0, 24908.76166941241, 22538.0, 25451.0, 0.054025974025974026
711.0, 24904.07270194986, 22538.0, 25451.0, 0.06753246753246753
712.0, 24913.140751043116, 22538.0, 25451.0, 0.06623376623376623
713.0, 24911.843115438107, 22538.0, 25451.0, 0.06623376623376623
714.0, 24933.96148517595, 22296.0, 25451.0, 0.0625974025974026
715.0, 24940.06868131868, 23291.0, 25451.0, 0.05454545454545454
716.0, 24958.342857142856, 23291.0, 25451.0, 0.05454545454545454
717.0, 24960.8880866426, 23245.0, 25451.0, 0.06467532467532468
718.0, 24962.328559625446, 23245.0, 25451.0, 0.05688311688311688
719.0, 24951.165048543688, 23245.0, 25451.0, 0.06363636363636363
720.0, 24943.201295045044, 22802.0, 25451.0, 0.0774025974025974
721.0, 24954.085665334096, 22802.0, 25451.0, 0.0903896103896104
722.0, 24953.015634047482, 22802.0, 25451.0, 0.10285714285714286
723.0, 24963.249640907787, 22802.0, 25739.0, 0.09584415584415584
724.0, 24958.766281364533, 22802.0, 25451.0, 0.0787012987012987
725.0, 24967.124333426887, 23722.0, 25451.0, 0.07454545454545454
726.0, 24970.229610684855, 23722.0, 25451.0, 0.08597402597402598
727.0, 24961.616275702287, 21393.0, 25636.0, 0.10311688311688312
728.0, 24965.803904679873, 23722.0, 25737.0, 0.09532467532467533
729.0, 24969.798109965635, 23701.0, 25620.0, 0.09298701298701299
730.0, 24963.127526330773, 23722.0, 25620.0, 0.08753246753246753
731.0, 24956.651549295773, 23330.0, 25620.0, 0.07792207792207792
732.0, 24960.09943977591, 23595.0, 25672.0, 0.07272727272727272
733.0, 24959.952795729136, 23595.0, 25652.0, 0.07558441558441559
734.0, 24950.18831168831, 23355.0, 25652.0, 0.08
735.0, 24955.173426573427, 23722.0, 25451.0, 0.07142857142857142
736.0, 24958.84151785714, 23516.0, 25451.0, 0.06909090909090909
737.0, 24963.903161492453, 23516.0, 25451.0, 0.08805194805194805
738.0, 24960.00396825397, 23516.0, 25451.0, 0.08363636363636363
739.0, 24967.37711015737, 23722.0, 25451.0, 0.09220779220779221
740.0, 24977.594817767655, 23744.0, 25672.0, 0.0877922077922078
741.0, 24971.17371558331, 23744.0, 25451.0, 0.08493506493506493
742.0, 24972.33286199095, 23067.0, 26778.0, 0.08155844155844155
743.0, 24975.90932131794, 23067.0, 26778.0, 0.07766233766233767
744.0, 24976.12956152758, 23067.0, 26154.0, 0.08181818181818182
745.0, 24984.231187410587, 23067.0, 25451.0, 0.09220779220779221
746.0, 24979.186171720034, 23950.0, 25805.0, 0.08337662337662338
747.0, 24989.134544422366, 23269.0, 25451.0, 0.08493506493506493
748.0, 24987.35287453979, 23497.0, 25451.0, 0.08285714285714285
749.0, 24990.101652198264, 23950.0, 25451.0, 0.07246753246753247
750.0, 24994.735147140476, 23950.0, 25451.0, 0.06441558441558441
751.0, 24995.9367335563, 23950.0, 25451.0, 0.06805194805194806
752.0, 25002.62239142696, 23950.0, 25451.0, 0.07896103896103897
753.0, 25012.29447149814, 23368.0, 25451.0, 0.09324675324675324
754.0, 25006.75050071531, 23368.0, 25451.0, 0.09220779220779221
755.0, 25005.54478248507, 23643.0, 25451.0, 0.0864935064935065
756.0, 25010.355505236344, 23950.0, 25451.0, 0.08233766233766233
757.0, 25010.698038100654, 23982.0, 25451.0, 0.0864935064935065
758.0, 25003.668926553673, 23982.0, 25451.0, 0.08051948051948052
759.0, 25004.223320158104, 23982.0, 25451.0, 0.08
760.0, 25005.518068887635, 24037.0, 25451.0, 0.08
761.0, 25005.020016915703, 23457.0, 25451.0, 0.0787012987012987
762.0, 24998.547371380377, 23457.0, 25451.0, 0.0761038961038961
763.0, 24990.243567753, 23457.0, 25451.0, 0.09142857142857143
764.0, 24985.582199546487, 23457.0, 25451.0, 0.08363636363636363
765.0, 24991.226463104325, 23950.0, 25451.0, 0.0812987012987013
766.0, 24989.285188331916, 23982.0, 25451.0, 0.08285714285714285
767.0, 24992.660911406736, 23950.0, 25451.0, 0.08233766233766233
768.0, 24987.609714285714, 23919.0, 25451.0, 0.09090909090909091
769.0, 24990.246007284954, 23919.0, 25451.0, 0.07298701298701299
770.0, 24994.093068753493, 23950.0, 25451.0, 0.07064935064935066
771.0, 24991.03376695267, 23982.0, 25451.0, 0.061558441558441555
772.0, 24990.217403314917, 23339.0, 25451.0, 0.05974025974025974
773.0, 24982.655669531465, 23919.0, 25451.0, 0.06311688311688311
774.0, 24978.866573426574, 23457.0, 25451.0, 0.07142857142857142
775.0, 24987.078569417066, 23457.0, 25451.0, 0.07766233766233767
776.0, 24980.769926512156, 23457.0, 25451.0, 0.08103896103896104
777.0, 24981.5061971831, 23902.0, 25451.0, 0.07792207792207792
778.0, 24976.25577464789, 23950.0, 25451.0, 0.07792207792207792
779.0, 24977.10870177415, 23950.0, 25451.0, 0.07766233766233767
780.0, 24979.014541387023, 23457.0, 25451.0, 0.07116883116883117
781.0, 24986.63905987689, 23950.0, 25451.0, 0.07168831168831169
782.0, 24979.776186464478, 23667.0, 25451.0, 0.07506493506493507
783.0, 24983.544565521097, 23667.0, 25451.0, 0.07038961038961039
784.0, 24978.93800841515, 23635.0, 25451.0, 0.07402597402597402
785.0, 24981.81276238455, 23950.0, 25451.0, 0.07194805194805194
786.0, 24974.71645499724, 23950.0, 25451.0, 0.05922077922077922
787.0, 24973.768935236003, 23950.0, 25451.0, 0.05350649350649351
788.0, 24959.899613899615, 23639.0, 25451.0, 0.05818181818181818
789.0, 24966.15250484362, 23667.0, 25451.0, 0.061558441558441555
790.0, 24969.05819809737, 23254.0, 25451.0, 0.07168831168831169
791.0, 24965.160995850623, 23254.0, 25451.0, 0.06103896103896104
792.0, 24968.290188470066, 23026.0, 25451.0, 0.06285714285714286
793.0, 24962.30131615794, 23026.0, 25451.0, 0.07246753246753247
794.0, 24964.07264124687, 23026.0, 25451.0, 0.06675324675324676
795.0, 24963.774754558206, 23950.0, 25451.0, 0.07402597402597402
796.0, 24963.824937378235, 23722.0, 25451.0, 0.06675324675324676
797.0, 24961.55480225989, 23667.0, 25451.0, 0.08051948051948052
798.0, 24962.13777526821, 23584.0, 26895.0, 0.08
799.0, 24966.318516421292, 23457.0, 25451.0, 0.0825974025974026
800.0, 24968.139182623607, 23313.0, 25451.0, 0.09116883116883116
801.0, 24982.79196352237, 22664.0, 25451.0, 0.08857142857142856
802.0, 24981.58681443592, 22664.0, 25451.0, 0.08597402597402598
803.0, 24977.054292211484, 22664.0, 25451.0, 0.08623376623376623
804.0, 24981.148441926347, 23110.0, 25451.0, 0.08311688311688312
805.0, 24996.35991016283, 23893.0, 25451.0, 0.0748051948051948
806.0, 24984.9218083594, 23893.0, 25451.0, 0.0864935064935065
807.0, 24984.24532047646, 23893.0, 25451.0, 0.08415584415584415
808.0, 25000.529092983455, 23667.0, 25451.0, 0.08935064935064935
809.0, 24998.621375781695, 23667.0, 25451.0, 0.08623376623376623
810.0, 25008.045662100456, 23667.0, 25451.0, 0.08987012987012986
811.0, 25005.666477272727, 23667.0, 25451.0, 0.08571428571428572
812.0, 25017.844101123595, 23578.0, 25451.0, 0.07532467532467532
813.0, 25021.424773755654, 23578.0, 25451.0, 0.08155844155844155
814.0, 25023.52824297474, 23354.0, 25451.0, 0.08493506493506493
815.0, 25015.43692048328, 23457.0, 25451.0, 0.07558441558441559
816.0, 25019.70806406294, 23667.0, 25451.0, 0.07558441558441559
817.0, 25010.80251396648, 23667.0, 25451.0, 0.07012987012987013
818.0, 25013.134049773755, 23667.0, 25451.0, 0.08155844155844155
819.0, 25021.249075916974, 23893.0, 25451.0, 0.0864935064935065
820.0, 25021.96903153153, 23893.0, 25451.0, 0.0774025974025974
821.0, 25011.55100880932, 23893.0, 25451.0, 0.08597402597402598
822.0, 25020.166904422254, 23893.0, 25451.0, 0.08961038961038961
823.0, 25015.701983002833, 23142.0, 25451.0, 0.08311688311688312
824.0, 25018.631385831217, 22334.0, 25451.0, 0.07974025974025974
825.0, 25025.045070422537, 22334.0, 25451.0, 0.07792207792207792
826.0, 25028.38952997467, 23982.0, 25451.0, 0.07714285714285714
827.0, 25035.21328866555, 23982.0, 25451.0, 0.06961038961038961
828.0, 25037.5865999444, 23982.0, 25451.0, 0.06571428571428571
829.0, 25051.466945606695, 22313.0, 25451.0, 0.06883116883116883
830.0, 25048.169321039397, 23982.0, 25451.0, 0.07038961038961039
831.0, 25041.21737923376, 23982.0, 25451.0, 0.06441558441558441
832.0, 25045.3138238573, 23924.0, 25451.0, 0.06805194805194806
833.0, 25053.35101360733, 23924.0, 25451.0, 0.06467532467532468
834.0, 25058.886451971128, 23982.0, 25451.0, 0.06441558441558441
835.0, 25064.88399778516, 23982.0, 25451.0, 0.06181818181818182
836.0, 25062.015249929398, 23982.0, 25451.0, 0.08025974025974025
837.0, 25061.095061375963, 22919.0, 25451.0, 0.09012987012987013
838.0, 25058.84769708957, 24037.0, 25451.0, 0.08077922077922078
839.0, 25060.04128959276, 24037.0, 25451.0, 0.08155844155844155
840.0, 25061.090858261112, 23656.0, 25451.0, 0.07090909090909091
841.0, 25056.639606741574, 23884.0, 25451.0, 0.07532467532467532
842.0, 25057.322580645163, 23368.0, 25451.0, 0.07402597402597402
843.0, 25057.295281152867, 23368.0, 25451.0, 0.08077922077922078
844.0, 25058.897219882056, 23140.0, 25451.0, 0.07506493506493507
845.0, 25056.611843951727, 23368.0, 25451.0, 0.07454545454545454
846.0, 25049.929537767755, 23467.0, 25451.0, 0.07844155844155844
847.0, 25041.965986394556, 23467.0, 25451.0, 0.08363636363636363
848.0, 25040.107986501687, 23467.0, 25451.0, 0.07636363636363637
849.0, 25037.105248386193, 23467.0, 25451.0, 0.07454545454545454
850.0, 25042.3478865406, 23467.0, 25451.0, 0.06597402597402598
851.0, 25043.42132963989, 24003.0, 25451.0, 0.06233766233766234
852.0, 25058.423172413794, 24003.0, 25451.0, 0.05844155844155844
853.0, 25063.650343878955, 24050.0, 25451.0, 0.05584415584415584
854.0, 25066.99280177187, 23982.0, 25451.0, 0.06181818181818182
855.0, 25075.437915742794, 24003.0, 25451.0, 0.06285714285714286
856.0, 25078.978764478765, 23822.0, 25706.0, 0.05818181818181818
857.0, 25088.15068112316, 23822.0, 25451.0, 0.06571428571428571
858.0, 25075.955948372615, 23822.0, 25451.0, 0.07428571428571429
859.0, 25075.902259887007, 24050.0, 25451.0, 0.08051948051948052
860.0, 25072.87242562929, 23464.0, 25451.0, 0.09194805194805195
861.0, 25074.058604917096, 23464.0, 25451.0, 0.09142857142857143
862.0, 25077.41652754591, 23464.0, 25451.0, 0.0664935064935065
863.0, 25073.565979955456, 23643.0, 25451.0, 0.06701298701298701
864.0, 25068.89492553778, 23630.0, 25451.0, 0.05818181818181818
865.0, 25057.782230941702, 23643.0, 25451.0, 0.07324675324675324
866.0, 25062.758513931887, 23643.0, 25451.0, 0.07714285714285714
867.0, 25059.803246571508, 24189.0, 25451.0, 0.07194805194805194
868.0, 25065.63187273235, 23902.0, 25451.0, 0.06935064935064936
869.0, 25074.477412158394, 23902.0, 25451.0, 0.06857142857142857
870.0, 25072.276530039304, 23902.0, 25451.0, 0.0748051948051948
871.0, 25065.185948081264, 23426.0, 25451.0, 0.07948051948051948
872.0, 25068.84865470852, 23426.0, 25451.0, 0.07324675324675324
873.0, 25065.08659217877, 23874.0, 25451.0, 0.07012987012987013
874.0, 25055.934221718173, 23874.0, 25451.0, 0.0838961038961039
875.0, 25062.467323943663, 23902.0, 25451.0, 0.07792207792207792
876.0, 25050.94158747904, 23902.0, 25451.0, 0.07064935064935066
877.0, 25052.295669072737, 23760.0, 25451.0, 0.06441558441558441
878.0, 25051.365176339907, 23628.0, 25451.0, 0.06467532467532468
879.0, 25066.49633802817, 24130.0, 25451.0, 0.07792207792207792
880.0, 25058.944320089537, 23628.0, 25451.0, 0.07168831168831169
881.0, 25056.974901297235, 23874.0, 25451.0, 0.07896103896103897
882.0, 25052.746943417686, 23857.0, 25451.0, 0.0864935064935065
883.0, 25057.20011242271, 23857.0, 25451.0, 0.07584415584415584
884.0, 25059.91690300624, 23587.0, 25451.0, 0.08415584415584415
885.0, 25050.674542897326, 23587.0, 25451.0, 0.07662337662337662
886.0, 25051.952087419446, 23587.0, 25451.0, 0.07298701298701299
887.0, 25062.305524239007, 23587.0, 25451.0, 0.07844155844155844
888.0, 25073.34904601571, 23902.0, 25451.0, 0.07428571428571429
889.0, 25070.330713082538, 23902.0, 25451.0, 0.0748051948051948
890.0, 25071.769338565024, 23902.0, 25451.0, 0.07324675324675324
891.0, 25060.67237026648, 23902.0, 25451.0, 0.07402597402597402
892.0, 25066.061361725973, 23647.0, 25451.0, 0.07298701298701299
893.0, 25071.459114139692, 23950.0, 25451.0, 0.0851948051948052
894.0, 25075.055195719517, 23290.0, 25451.0, 0.07766233766233767
895.0, 25073.77017250974, 23062.0, 25451.0, 0.0664935064935065
896.0, 25075.292662819455, 23062.0, 25451.0, 0.05480519480519481
897.0, 25068.295986622074, 23062.0, 25451.0, 0.06805194805194806
898.0, 25076.78014380531, 23062.0, 25451.0, 0.06077922077922078
899.0, 25077.55119407082, 23217.0, 25451.0, 0.05376623376623377
900.0, 25082.237496583766, 23217.0, 25451.0, 0.04961038961038961
901.0, 25074.712339961865, 23445.0, 25451.0, 0.046493506493506497
902.0, 25084.762641613706, 23217.0, 25451.0, 0.06
903.0, 25087.766093229744, 23878.0, 25451.0, 0.0638961038961039
904.0, 25091.87841260906, 23878.0, 25451.0, 0.07714285714285714
905.0, 25087.66768973214, 23878.0, 25451.0, 0.06909090909090909
906.0, 25089.06478637252, 23878.0, 25451.0, 0.06987012987012987
907.0, 25094.351815913502, 23448.0, 25451.0, 0.06311688311688311
908.0, 25094.699632664593, 23878.0, 25451.0, 0.08077922077922078
909.0, 25086.308945412977, 23458.0, 25451.0, 0.09116883116883116
910.0, 25075.923185941043, 22513.0, 25451.0, 0.08363636363636363
911.0, 25076.561690140847, 22513.0, 25451.0, 0.07792207792207792
912.0, 25074.242285714285, 22513.0, 25451.0, 0.09090909090909091
913.0, 25068.813155656364, 23686.0, 25451.0, 0.0838961038961039
914.0, 25073.820297168488, 23686.0, 25451.0, 0.0735064935064935
915.0, 25075.76018852232, 23458.0, 25451.0, 0.06311688311688311
916.0, 25074.208333333332, 23425.0, 25451.0, 0.0774025974025974
917.0, 25077.744615384614, 22946.0, 25451.0, 0.07142857142857142
918.0, 25070.678641047063, 22946.0, 25451.0, 0.06727272727272728
919.0, 25076.75292153589, 23253.0, 25451.0, 0.0664935064935065
920.0, 25082.01848275862, 23686.0, 25451.0, 0.05844155844155844
921.0, 25077.12220357942, 23686.0, 25451.0, 0.07116883116883117
922.0, 25072.608403361344, 23639.0, 25522.0, 0.07272727272727272
923.0, 25071.71744609353, 22946.0, 25750.0, 0.07246753246753247
924.0, 25062.793927466966, 22946.0, 25750.0, 0.0761038961038961
925.0, 25062.704181869212, 23347.0, 25451.0, 0.07454545454545454
926.0, 25065.850956130485, 23686.0, 25451.0, 0.07636363636363637
927.0, 25061.05107451856, 23552.0, 25451.0, 0.06935064935064936
928.0, 25060.12423738214, 23809.0, 25557.0, 0.06337662337662338
929.0, 25061.527027027027, 23284.0, 25451.0, 0.05818181818181818
930.0, 25063.919001386963, 23902.0, 25451.0, 0.06363636363636363
931.0, 25064.600937672367, 23837.0, 25451.0, 0.05818181818181818
932.0, 25070.868326417705, 23902.0, 25451.0, 0.06103896103896104
933.0, 25063.15090152566, 23188.0, 25451.0, 0.06363636363636363
934.0, 25067.82208588957, 23866.0, 25451.0, 0.06857142857142857
935.0, 25057.10236886633, 23925.0, 25451.0, 0.07896103896103897
936.0, 25074.975941126522, 23512.0, 25451.0, 0.08233766233766233
937.0, 25075.584593437947, 23512.0, 25451.0, 0.08961038961038961
938.0, 25077.462915601023, 23710.0, 25451.0, 0.08597402597402598
939.0, 25075.582346305695, 23710.0, 25451.0, 0.07896103896103897
940.0, 25068.437889960296, 23958.0, 25451.0, 0.08415584415584415
941.0, 25071.91081912217, 23958.0, 25451.0, 0.07090909090909091
942.0, 25085.09728062798, 23265.0, 25451.0, 0.0735064935064935
943.0, 25080.523636363636, 23265.0, 25451.0, 0.07142857142857142
944.0, 25082.643847006653, 23265.0, 25451.0, 0.06285714285714286
945.0, 25101.897054698456, 23265.0, 25451.0, 0.07402597402597402
946.0, 25101.32517580872, 23265.0, 25451.0, 0.07662337662337662
947.0, 25086.594820384293, 23265.0, 25451.0, 0.06727272727272728
948.0, 25078.68356545961, 23265.0, 25451.0, 0.06753246753246753
949.0, 25084.00700280112, 23265.0, 26271.0, 0.07272727272727272
950.0, 25083.127151582456, 23265.0, 25451.0, 0.06441558441558441
951.0, 25077.306802533738, 23265.0, 25451.0, 0.05688311688311688
952.0, 25079.66916458507, 23037.0, 25451.0, 0.06415584415584416
953.0, 25082.321996097016, 23037.0, 25451.0, 0.06831168831168831
954.0, 25087.394247038916, 23979.0, 25451.0, 0.07896103896103897
955.0, 25088.861400056227, 23958.0, 25486.0, 0.0761038961038961
956.0, 25088.891016615038, 23958.0, 25451.0, 0.07766233766233767
957.0, 25082.024527769947, 23642.0, 25451.0, 0.0787012987012987
958.0, 25082.02036199095, 23414.0, 25451.0, 0.08155844155844155
959.0, 25074.695214105792, 22603.0, 25451.0, 0.07194805194805194
960.0, 25068.713055555556, 22981.0, 25451.0, 0.06493506493506493
961.0, 25088.711709211988, 22981.0, 25451.0, 0.0638961038961039
962.0, 25090.140849030082, 22981.0, 25451.0, 0.0761038961038961
963.0, 25094.471571906353, 22981.0, 25451.0, 0.06805194805194806
964.0, 25098.581024349285, 22981.0, 25451.0, 0.07194805194805194
965.0, 25096.937587854933, 22981.0, 25452.0, 0.0761038961038961
966.0, 25101.949377828056, 22981.0, 25451.0, 0.08155844155844155
967.0, 25096.023288439956, 23209.0, 25577.0, 0.07428571428571429
968.0, 25112.445766071934, 23209.0, 25577.0, 0.08285714285714285
969.0, 25110.842481417953, 23209.0, 25451.0, 0.09142857142857143
970.0, 25112.00957746479, 23414.0, 25451.0, 0.07792207792207792
971.0, 25109.303149606298, 23209.0, 25451.0, 0.07636363636363637
972.0, 25130.76918767507, 23414.0, 25451.0, 0.07272727272727272
973.0, 25138.564845474615, 23209.0, 25451.0, 0.0587012987012987
974.0, 25131.013710128707, 23209.0, 25451.0, 0.07168831168831169
975.0, 25128.758201357465, 23209.0, 25451.0, 0.08155844155844155
976.0, 25115.557264957264, 23209.0, 25451.0, 0.08831168831168831
977.0, 25117.454519532363, 23209.0, 25451.0, 0.0890909090909091
978.0, 25130.307318467694, 23209.0, 25451.0, 0.09142857142857143
979.0, 25129.28421351505, 23209.0, 25451.0, 0.0851948051948052
980.0, 25136.561230248306, 23209.0, 25451.0, 0.07948051948051948
981.0, 25133.824736392133, 22981.0, 25451.0, 0.08857142857142856
982.0, 25141.78187535735, 22981.0, 25581.0, 0.09142857142857143
983.0, 25134.92985457656, 22981.0, 25645.0, 0.0890909090909091
984.0, 25126.152389030252, 22981.0, 25645.0, 0.0812987012987013
985.0, 25111.447501403705, 22981.0, 25886.0, 0.0748051948051948
986.0, 25123.89969350794, 22981.0, 25886.0, 0.06779220779220779
987.0, 25107.85601799775, 22981.0, 25886.0, 0.07636363636363637
988.0, 25090.376663834606, 22981.0, 25645.0, 0.08285714285714285
989.0, 25089.30269058296, 22981.0, 25451.0, 0.07324675324675324
990.0, 25078.872399445216, 22981.0, 25451.0, 0.06363636363636363
991.0, 25093.3908839779, 23209.0, 25557.0, 0.05974025974025974
992.0, 25085.083820662767, 22981.0, 25557.0, 0.06727272727272728
993.0, 25088.87947427293, 22981.0, 25557.0, 0.07116883116883117
994.0, 25107.60361111111, 22981.0, 26054.0, 0.06493506493506493
995.0, 25099.095290858724, 22981.0, 26054.0, 0.06233766233766234
996.0, 25086.897071129708, 22981.0, 25557.0, 0.06883116883116883
997.0, 25100.27100195367, 22981.0, 25557.0, 0.06935064935064936
998.0, 25108.16628830874, 22981.0, 25557.0, 0.08467532467532468
999.0, 25105.732107496464, 23209.0, 25557.0, 0.08181818181818182
1000.0, 25109.60849858357, 23209.0, 25557.0, 0.08311688311688312
1001.0, 25107.510180995476, 23209.0, 25557.0, 0.08155844155844155
1002.0, 25119.076728499156, 22981.0, 25557.0, 0.07584415584415584
1003.0, 25113.77787114846, 22981.0, 25557.0, 0.07272727272727272
1004.0, 25117.384229590414, 22981.0, 25557.0, 0.06779220779220779
1005.0, 25113.016559079428, 23209.0, 25557.0, 0.07454545454545454
1006.0, 25126.17124439462, 23209.0, 25557.0, 0.07324675324675324
1007.0, 25134.368376787217, 22981.0, 25557.0, 0.0735064935064935
1008.0, 25134.994374120957, 22981.0, 25451.0, 0.07662337662337662
1009.0, 25139.011559063998, 23209.0, 25451.0, 0.0787012987012987
1010.0, 25149.44497878359, 22981.0, 25451.0, 0.08181818181818182
1011.0, 25149.25, 22981.0, 25451.0, 0.08155844155844155
1012.0, 25146.234348075817, 22981.0, 25451.0, 0.09558441558441559
1013.0, 25151.77648395342, 22981.0, 25451.0, 0.08545454545454545
1014.0, 25153.897320169253, 22772.0, 25451.0, 0.07922077922077922
1015.0, 25155.783814057686, 21568.0, 25451.0, 0.07246753246753247
1016.0, 25146.312674483528, 23086.0, 25451.0, 0.06961038961038961
1017.0, 25149.22514701764, 23086.0, 25451.0, 0.07246753246753247
1018.0, 25149.475183305134, 23086.0, 25451.0, 0.07896103896103897
1019.0, 25137.69250281849, 22981.0, 25451.0, 0.07844155844155844
1020.0, 25131.043709722613, 23209.0, 25451.0, 0.07298701298701299
1021.0, 25136.905507408443, 23209.0, 25451.0, 0.07090909090909091
1022.0, 25127.39304737875, 22701.0, 25451.0, 0.0735064935064935
1023.0, 25132.998068965517, 23209.0, 25451.0, 0.05844155844155844
1024.0, 25123.037475888676, 23086.0, 25451.0, 0.0574025974025974
1025.0, 25130.438461538462, 23209.0, 25451.0, 0.05454545454545454
1026.0, 25118.232590145886, 23209.0, 25451.0, 0.056363636363636366
1027.0, 25127.37210584344, 23209.0, 25451.0, 0.057662337662337665
1028.0, 25139.72646733112, 23209.0, 25451.0, 0.06181818181818182
1029.0, 25156.957067187064, 23209.0, 25451.0, 0.06831168831168831
1030.0, 25165.552255533763, 23274.0, 25451.0, 0.07298701298701299
1031.0, 25166.11280911364, 23274.0, 25451.0, 0.0651948051948052
1032.0, 25168.28314917127, 23274.0, 25451.0, 0.05974025974025974
1033.0, 25179.632381480456, 23274.0, 25451.0, 0.06311688311688311
1034.0, 25191.85290036081, 23274.0, 25451.0, 0.06415584415584416
1035.0, 25207.061861364265, 23274.0, 25451.0, 0.05948051948051948
1036.0, 25192.956737393222, 22788.0, 25451.0, 0.0574025974025974
1037.0, 25204.1217630854, 22788.0, 25451.0, 0.05714285714285714
1038.0, 25206.910575858252, 23795.0, 25451.0, 0.06181818181818182
1039.0, 25208.509146341465, 23795.0, 25451.0, 0.06285714285714286
1040.0, 25211.501798063622, 23795.0, 25451.0, 0.06103896103896104
1041.0, 25223.985817575085, 23902.0, 25451.0, 0.06597402597402598
1042.0, 25219.509847434118, 23707.0, 25451.0, 0.06363636363636363
1043.0, 25226.309988839286, 23707.0, 25846.0, 0.06909090909090909
1044.0, 25221.440011160714, 23179.0, 25451.0, 0.06909090909090909
1045.0, 25221.341408450706, 23179.0, 25451.0, 0.07792207792207792
1046.0, 25226.180835939722, 23902.0, 25451.0, 0.0864935064935065
1047.0, 25222.93995446784, 24130.0, 25451.0, 0.08727272727272728
1048.0, 25228.314140558847, 23731.0, 25451.0, 0.07974025974025974
